,macro_f1,accuracy
binary,0.9042346956413821,0.9721379916501868
12way,0.7768612975736137,0.7777631289826412
