,macro_f1,accuracy
binary_test,0.9005651941182027,0.970738137082601
12way_test,0.7724478669767262,0.7738137082601054
